id,subjectCode,nameEN,nameRU,codeOKATO,codeKLADR,regType,codeGOST7_67_cyr,codeGOST7_67_dig,codeISO3166_lat2,codeISO3166_lat3,cbrCode,taxCodes,automobileCodes,timezoneUTC,dbPedia,wikipediaUrl,kremlinRuUrl,leaderPositionName,leaderUrl,executivePowerName,executivePowerUrl,legislativePowerName,legislativePowerUrl,federalDistrict,militaryDistrict,economicRegion,borderRegions,borderCountries,isLandlocked,closeSeas,oceanBasin,ammapKey,Pipelines,Railroads,Fedroads
01,01,Republic of Adygeya,Республика Адыгея,79000000,0100000000000,республика,РОФ-АДЫ,643-01,RU-AD,RU-ADY,ADG_R,01,01,3,http://dbpedia.org/page/Republic_of_Adygea,http://ru.wikipedia.org/wiki/%D0%90%D0%B4%D1%8B%D0%B3%D0%B5%D1%8F,http://news.kremlin.ru/by-region/AD,Президент республики,http://www.adygheya.ru/president/status/index.shtml,Правительство Республики Башкортостан,http://www.adygheya.ru,Государственный совет - Хасэ Республики Адыгея,http://gshra.ru/,Southern_Federal_District,South_Military_District,North_Caucasus_economic_region,23,,yes,,,RU_AD,,skzd,M4
02,02,Bashkortostan,Республика Башкортостан,80000000,0200000000000,республика,РОФ-БАШ,643-109,RU-BA,RU-BAS,BASH,02,"02,102",5,http://dbpedia.org/page/Bashkortostan,http://ru.wikipedia.org/wiki/%D0%91%D0%B0%D1%88%D0%BA%D0%BE%D1%80%D1%82%D0%BE%D1%81%D1%82%D0%B0%D0%BD,http://news.kremlin.ru/by-region/BA,Президент республики,http://www.presidentrb.ru/,Правительство Республики Бурятия,http://www.bashkortostan.ru/,Государственное Собрание - Курултай Республики Башкортостан,http://www.gsrb.ru/,Volga_Federal_District,Central_Military_District,Urals_economic_region,"16,18,56,59,66,74",,yes,,,RU_BA,,"gzd,yuzd","M5,M7,E30,AH6"
03,03,Buryatia,Республика Бурятия,81000000,0300000000000,республика,РОФ-БУР,643-113,RU-BU,RU-BUR,BUR_R,03,03,8,http://dbpedia.org/page/Republic_of_Buryatia,http://ru.wikipedia.org/wiki/%D0%91%D1%83%D1%80%D1%8F%D1%82%D0%B8%D1%8F,http://news.kremlin.ru/by-region/BU,Президент республики,http://president.buryatia.ru/,Правительство Республики,http://egov-buryatia.ru/,Народный Хурал Республики Бурятия,http://hural-buryatia.ru/,Siberian_Federal_District,Central_Military_District,East_Siberian_economic_region,"17,38,75",MN,yes,,,RU_BU,,"vszd,kbsh","M55,AH6"
04,04,Altai Republic,Республика Алтай,84000000,0400000000000,республика,РОФ-АЛР,643-105,RU-AL,RU-ALI,ALT_R,04,04,6,http://dbpedia.org/page/Altai_Republic,http://ru.wikipedia.org/wiki/%D0%A0%D0%B5%D1%81%D0%BF%D1%83%D0%B1%D0%BB%D0%B8%D0%BA%D0%B0_%D0%90%D0%BB%D1%82%D0%B0%D0%B9,http://news.kremlin.ru/by-region/AMU,Глава республики,http://www.gov.altai-republic.ru/modules.php?op=modload&name=Sections&file=index&req=viewarticle&artid=54&page=1,Правительство Республики Дагестан,http://www.gov.altai-republic.ru/,Государственное Собрание - Эл Курултай (Парламент) Республики Алтай,http://kurultai.altai-republic.ru/,Siberian_Federal_District,Central_Military_District,West_Siberian_economic_region,"17,19,22,42","MN,CN,KZ",yes,,,RU_AL,,,M52
05,05,Dagestan republic,Республика Дагестан,82000000,0500000000000,республика,РОФ-ДАГ,643-117,RU-DA,RU-DAG,DAG-N,05,05,3,http://dbpedia.org/page/Republic_of_Dagestan,http://ru.wikipedia.org/wiki/%D0%94%D0%B0%D0%B3%D0%B5%D1%81%D1%82%D0%B0%D0%BD,http://news.kremlin.ru/by-region/DA,Президент республики,http://president.e-dag.ru/,Правительство Республики Ингушетия,http://www.e-dag.ru/,Народное собрание Республики Дагестан,http://www.nsrd.ru/,North_Caucasian_Federal_District,South_Military_District,North_Caucasus_economic_region,"20,26,08","GE,AZ",no,Caspian_sea,,RU_DA,bakunovoros,skzd,"M29,E119,E50"
06,06,Republic of Ingushetia,Республика Ингушетия,26000000,0600000000000,республика,РОФ-ИНГ,643-121,RU-IN,RU-ING,ING_R,06,06,3,http://dbpedia.org/page/Ingushetia,http://ru.wikipedia.org/wiki/%D0%98%D0%BD%D0%B3%D1%83%D1%88%D0%B5%D1%82%D0%B8%D1%8F,http://news.kremlin.ru/by-region/IN,Президент республики,http://www.ingushetia.ru/president/index.shtml,Правительство Кабардино-Балкарской республики,http://www.ingushetia.ru/,Народное собрание Республики Ингушетия,http://www.parlamentri.ru/,North_Caucasian_Federal_District,South_Military_District,North_Caucasus_economic_region,"15,20",GE,yes,,,RU_IN,,skzd,"M29,E50"
07,07,Kabardino-Balkar Republic,Кабардино-Балкарская Республика,83000000,0700000000000,республика,РОФ-КАБ,643-125,RU-KB,RU-KAB,KB_R,07,07,3,http://dbpedia.org/page/Kabardino-Balkaria,http://ru.wikipedia.org/wiki/%D0%9A%D0%B0%D0%B1%D0%B0%D1%80%D0%B4%D0%B8%D0%BD%D0%BE-%D0%91%D0%B0%D0%BB%D0%BA%D0%B0%D1%80%D0%B8%D1%8F,http://news.kremlin.ru/by-region/KB,Президент республики,http://www.president-kbr.ru/,Правительство Республики Калмыкия,http://www.president-kbr.ru/,Парламент Кабардино-Балкарской Республики,http://www.parlament-kbr.ru/,North_Caucasian_Federal_District,South_Military_District,North_Caucasus_economic_region,"09,26,15",GE,yes,,,RU_KB,,skzd,"M29,E117,E50"
08,08,Republic of Kalmykia,Республика Калмыкия,85000000,0800000000000,республика,РОФ-КАИ,643-129,RU-KI,RU-KAI,KALM_R,08,08,3,http://dbpedia.org/page/Kalmykia,http://ru.wikipedia.org/wiki/%D0%9A%D0%B0%D0%BB%D0%BC%D1%8B%D0%BA%D0%B8%D1%8F,http://news.kremlin.ru/by-region/KL,Глава республики,http://glava.region08.ru/,Правительство Карачаево-Черкесской Республики ,http://gov.kalmregion.ru,Народный хурал (Парламент) республики Калмыкия,http://huralrk.ru/,Southern_Federal_District,South_Military_District,Volga_economic_region,"61,34,05,26,30",,no,Caspian_sea,,RU_KL,cpc,skzd,M6
09,09,Karachay-Cherkess Republic,Карачаево-Черкесская Республика,91000000,0900000000000,республика,РОФ-КАО,643-133,RU-KK,RU-KAO,KAR_R,09,09,3,http://dbpedia.org/page/Karachay-Cherkessia,http://ru.wikipedia.org/wiki/%D0%9A%D0%B0%D1%80%D0%B0%D1%87%D0%B0%D0%B5%D0%B2%D0%BE-%D0%A7%D0%B5%D1%80%D0%BA%D0%B5%D1%81%D0%B8%D1%8F,http://news.kremlin.ru/by-region/KC,Президент республики,http://www.kchr.info/president.html,Правительство Республики Карелия,http://www.kchr.info/,Народное собрание (Парламент) Карачаево-Черкесской республики,http://parlament09.ru/,North_Caucasian_Federal_District,South_Military_District,North_Caucasus_economic_region,"23,26,07",GE,yes,,,RU_KC,,skzd,
10,10,Republic of Karelia,Республика Карелия,86000000,1000000000000,республика,РОФ-КАР,643-137,RU-KL,RU-KAR,KAREL,10,10,3,http://dbpedia.org/page/Republic_of_Karelia,http://ru.wikipedia.org/wiki/%D0%A0%D0%B5%D1%81%D0%BF%D1%83%D0%B1%D0%BB%D0%B8%D0%BA%D0%B0_%D0%9A%D0%B0%D1%80%D0%B5%D0%BB%D0%B8%D1%8F,http://news.kremlin.ru/by-region/KR,Глава республики,http://www.gov.karelia.ru/gov/Leader/index.html,Правительство Республики Коми,http://www.gov.karelia.ru/,Законодательное собрание Республики Карелия,http://www.karelia-zs.ru/,Northwestern_Federal_District,West_Military_District,Northern_economic_region,"29,51,35,47",FI,no,White_sea,Arctic_Ocean,RU_KR,mvg,ozd,"M18,E105"
11,11,Komi Republic,Республика Коми,87000000,1100000000000,республика,РОФ-КОМ,643-141,RU-KO,RU-KOM,KOMI,11,11,3,http://dbpedia.org/page/Komi_Republic,http://ru.wikipedia.org/wiki/%D0%A0%D0%B5%D1%81%D0%BF%D1%83%D0%B1%D0%BB%D0%B8%D0%BA%D0%B0_%D0%9A%D0%BE%D0%BC%D0%B8,http://news.kremlin.ru/by-region/KO,Глава республики,http://rkomi.ru/top/glava/,Правительство Республики Марий Эл,http://www.rkomi.ru/,Государственный совет Республики Коми,http://gsrk.ru/,Northwestern_Federal_District,Central_Military_District,Northern_economic_region,"29,72,86,89,59,43,66,83",,yes,,,RU_KO,,szd,A119
12,12,Mari El Republic,Республика Марий Эл,88000000,1200000000000,республика,РОФ-МАР,643-145,RU-ME,RU-MAR,MARI,12,12,3,http://dbpedia.org/page/Mari_El,http://ru.wikipedia.org/wiki/%D0%9C%D0%B0%D1%80%D0%B8%D0%B9_%D0%AD%D0%BB,http://news.kremlin.ru/by-region/ME,Президент республики,http://portal.mari.ru/president/default.aspx,Правительство Республики Мордовия,http://www.gov.mari.ru/,Государственное собрание Республики Марий Эл,http://parlament.mari.ru,Volga_Federal_District,Central_Military_District,Volga_Vyatka_economic_region,"43,16,21,52",,yes,,,RU_ME,,gzd,A119
13,13,Republic of Mordovia,Республика Мордовия,89000000,1300000000000,республика,РОФ-МОР,643-149,RU-MO,RU-MOR,MOR-R,13,13,3,http://dbpedia.org/page/Republic_of_Mordovia,http://ru.wikipedia.org/wiki/%D0%9C%D0%BE%D1%80%D0%B4%D0%BE%D0%B2%D0%B8%D1%8F,http://news.kremlin.ru/by-region/MO,Глава республики,http://www.e-mordovia.ru/newsline/view/17,Правительство Республики Саха (Якутия),http://www.e-mordovia.ru,Государственное собрание Республики Мордовия,http://www.gsrm.ru/,Volga_Federal_District,Central_Military_District,Volga_Vyatka_economic_region,"52,21,73,58,62",,yes,,,RU_MO,,"gzd,kbsh,mzd","M5,E30,AH6"
14,14,Sakha (Yakutia) Republic,Республика Саха - Якутия,98000000,1400000000000,республика,РОФ-ЯКУ,643-181,RU-SA,RU-SAH,SAHA_R,14,14,9,http://dbpedia.org/page/Sakha_Republic,http://ru.wikipedia.org/wiki/%D0%AF%D0%BA%D1%83%D1%82%D0%B8%D1%8F,http://news.kremlin.ru/by-region/SA,Глава республики,https://glava.sakha.gov.ru/,Правительство Республики Северная Осетия - Алания,https://prav.sakha.gov.ru/,Государственное собрание (Ил Тумен) Республики Саха (Якутия),https://iltumen.ru/,Far_Eastern_Federal_District,Eastern_Military_District,Far_Eastern_economic_region,"79,49,27,28,75,38,24,87",,no,"Laptev_sea,East_Siberian_sea",Arctic_Ocean,RU_SA,,dvzd,M56
15,15,Republic of North Ossetia-Alania,Республика Северная Осетия — Алания,90000000,1500000000000,республика,РОФ-СЕВ,643-153,RU-NO,RU-NOR,SOA_R,15,15,3,http://dbpedia.org/page/North_Ossetia-Alania,http://ru.wikipedia.org/wiki/%D0%A1%D0%B5%D0%B2%D0%B5%D1%80%D0%BD%D0%B0%D1%8F_%D0%9E%D1%81%D0%B5%D1%82%D0%B8%D1%8F,http://news.kremlin.ru/by-region/SE,Глава республики,http://glava.rso-a.ru/,Правительство Республики Татарстан,http://www.rso-a.ru/,Парламент республики Северная Осетия - Алания,http://parliament-osetia.ru/,North_Caucasian_Federal_District,South_Military_District,North_Caucasus_economic_region,"07,26,06,20",GE,yes,,,RU_SE,dzuarikau-tskhinval,skzd,"M29,E117,E50"
16,16,Republic of Tatarstan,Республика Татарстан,92000000,1600000000000,республика,РОФ-ТАТ,643-157,RU-TA,RU-TAT,TAT-N,16,"16,116",3,http://dbpedia.org/page/Tatarstan,http://ru.wikipedia.org/wiki/%D0%A2%D0%B0%D1%82%D0%B0%D1%80%D1%81%D1%82%D0%B0%D0%BD,http://news.kremlin.ru/by-region/TA,Президент республики,http://president.tatar.ru/,Правительство Республики Тыва,http://prav.tatar.ru/,Государственный совет Республики Татарстан,http://www.gossov.tatarstan.ru/,Volga_Federal_District,West_Military_District,Volga_economic_region,"02,12,18,21,43,73,63,56",,yes,,,RU_TA,,"gzd,kbsh","M5,M7,E30,E22,AH6"
17,17,Tyva Republic,Республика Тыва,93000000,1700000000000,республика,РОФ-ТУВ,643-161,RU-TY,RU-TUV,TIV_R,17,17,7,http://dbpedia.org/page/Tuva,http://ru.wikipedia.org/wiki/%D0%A2%D1%8B%D0%B2%D0%B0,http://news.kremlin.ru/by-region/TY,Председатель Правительства,http://gov.tuva.ru/page.aspx?id=21,Правительство Удмуртской республики,http://gov.tuva.ru,Верховный хурал (парламент) Республики Тыва,http://www.khural.org/,Siberian_Federal_District,Eastern_Military_District,East_Siberian_economic_region,"03,04,19,24,38",MN,yes,,,RU_TY,,,M54
18,18,Udmurt Republic,Удмуртская Республика,94000000,1800000000000,республика,РОФ-УДМ,643-165,RU-UD,RU-UDM,UDM,18,18,4,http://dbpedia.org/page/Udmurt_Republic,http://ru.wikipedia.org/wiki/%D0%A3%D0%B4%D0%BC%D1%83%D1%80%D1%82%D0%B8%D1%8F,http://news.kremlin.ru/by-region/UD,Глава республики,http://www.udmurt.ru/glava/,Правительство Республики Хакасия,http://www.udmurt.ru/,Государственный совет Удмуртской республики,http://www.udmgossovet.ru/,Volga_Federal_District,Central_Military_District,Urals_economic_region,"02,16,43,59",,yes,,,RU_UD,,gzd,E22
19,19,Republic of Khakassia,Республика Хакассия,95000000,1900000000000,республика,РОФ-ХАК,643-169,RU-KN,RU-KHA,XAK_R,19,19,7,http://dbpedia.org/page/Khakassia,http://ru.wikipedia.org/wiki/%D0%A5%D0%B0%D0%BA%D0%B0%D1%81%D0%B8%D1%8F,http://news.kremlin.ru/by-region/KK,Глава республики,https://r-19.ru/authorities/glava/common/6419/62524.html,Правительство Чеченской республики,http://www.r-19.ru/,Верховный совет Республики Хакасия,http://www.vskhakasia.ru/,Siberian_Federal_District,Central_Military_District,East_Siberian_economic_region,"04,17,24,42",,yes,,,RU_KK,,kras,M54
20,20,Chechen Republic,Чеченская республика,96000000,2000000000000,республика,РОФ-ЧЕЧ,643-173,RU-CE,RU-CHA,CHACH_R,"20,95","20,95",3,http://dbpedia.org/page/Chechnya,http://ru.wikipedia.org/wiki/%D0%A7%D0%B5%D1%87%D0%BD%D1%8F,http://news.kremlin.ru/by-region/CE,Глава республики,http://www.chechnya.gov.ru/page.php?r=2,Кабинет Министров Чувашской республики,http://www.chechnya.gov.ru/,Парламент Чеченской Республики,http://www.parlamentchr.ru/,North_Caucasian_Federal_District,South_Military_District,North_Caucasus_economic_region,"05,06,26,15",GE,yes,,,RU_CE,,skzd,"M29,E50"
21,21,Chuvash Republic,Чувашская республика,97000000,2100000000000,республика,РОФ-ЧУВ,643-177,RU-CU,RU-CHV,CUV_R,21,"21,121",3,http://dbpedia.org/page/Chuvash_Republic,http://ru.wikipedia.org/wiki/%D0%A7%D1%83%D0%B2%D0%B0%D1%88%D0%B8%D1%8F,http://news.kremlin.ru/by-region/CU,Президент республики,http://gov.cap.ru/main.asp?govid=712,Администрация края,http://gov.cap.ru/main.asp?govid=17,Государственный совет Чувашской республики,http://gov.cap.ru/main.asp?govid=83,Volga_Federal_District,Central_Military_District,Volga_Vyatka_economic_region,"73,16,12,13,52",,yes,,,RU_CU,,gzd,"M7,A119,E22"
22,22,Altai Krai,Алтайский край,01000000,2200000000000,край,РОФ-АЛТ,643-301,,RU-ALT,ALTAI_KR,22,22,6,http://dbpedia.org/page/Altai_Krai,http://ru.wikipedia.org/wiki/%D0%90%D0%BB%D1%82%D0%B0%D0%B9%D1%81%D0%BA%D0%B8%D0%B9_%D0%BA%D1%80%D0%B0%D0%B9,http://news.kremlin.ru/by-region/ALT,Губернатор,http://www.altairegion22.ru/gov/administration/glava/,Администрация Краснодарского края,http://www.altairegion22.ru,Алтайское краевое Законодательное Собрание,http://www.altsovet.ru/,Siberian_Federal_District,Central_Military_District,West_Siberian_economic_region,"04,42,54",KZ,yes,,,RU_ALT,,zszd,M52
23,23,Krasnodar Krai,Краснодарский край,03000000,2300000000000,край,РОФ-КРА,643-410,,RU-KRA,KRAS_KR,"23,93","23,93",3,http://dbpedia.org/page/Krasnodar_Krai,http://ru.wikipedia.org/wiki/%D0%9A%D1%80%D0%B0%D1%81%D0%BD%D0%BE%D0%B4%D0%B0%D1%80%D1%81%D0%BA%D0%B8%D0%B9_%D0%BA%D1%80%D0%B0%D0%B9,http://news.kremlin.ru/by-region/KDA,Губернатор,http://admkrai.kuban.ru/,Правительство Красноярского края,http://admkrai.kuban.ru/,Законодательное собрание Краснодарского края,http://www.kubzsk.ru/,Southern_Federal_District,South_Military_District,North_Caucasus_economic_region,"01,26,61,09","GE,UA",no,"Black_sea,Sea_of_Azov",Atlantic_Ocean,RU_KDA,"cpc,bakunovoros,dls,bluestream,southstream",skzd,"M4,M29,E115,E592,E97"
24,24,Krasnoyarsk Krai,Красноярский край,04000000,2400000000000,край,РОФ-КРН,643-416,,RU-KYA,KR-K,"24,84,88","24,84,88,124",7,http://dbpedia.org/page/Krasnoyarsk_Krai,http://ru.wikipedia.org/wiki/%D0%9A%D1%80%D0%B0%D1%81%D0%BD%D0%BE%D1%8F%D1%80%D1%81%D0%BA%D0%B8%D0%B9_%D0%BA%D1%80%D0%B0%D0%B9,http://news.kremlin.ru/by-region/KYA,Губернатор,http://www.krskstate.ru/governor,Администрация Приморского края,http://www.krskstate.ru/,Законодательное собрание Красноярского края,http://www.sobranie.info/,Siberian_Federal_District,Central_Military_District,East_Siberian_economic_region,"14,38,17,19,42,70,86,89",,no,"Laptev_sea,Kara_sea",Arctic_Ocean,RU_KYA,,kras,"M53,M54,AH6"
25,25,Primorsky Krai,Приморский край,05000000,2500000000000,край,РОФ-ПРИ,643-516,,RU-PRI,PRIM,25,"25,125",10,http://dbpedia.org/page/Primorsky_Krai,http://ru.wikipedia.org/wiki/%D0%9F%D1%80%D0%B8%D0%BC%D0%BE%D1%80%D1%81%D0%BA%D0%B8%D0%B9_%D0%BA%D1%80%D0%B0%D0%B9,http://news.kremlin.ru/by-region/PRI,Губернатор,http://www.primorsky.ru/administration/?s=2362,Правительство Ставропольского края,http://www.primorsky.ru/,Законодательное собрание Приморского края,http://www.zspk.gov.ru/,Far_Eastern_Federal_District,Eastern_Military_District,Far_Eastern_economic_region,27,,no,Japan_sea,Pacific_Ocean,RU_PRI,shvg,dvzd,M60
26,26,Stavropol Krai,Ставропольский край,07000000,2600000000000,край,РОФ-СТА,643-570,,RU-STA,STAVR,26,26,3,http://dbpedia.org/page/Stavropol_Krai,http://ru.wikipedia.org/wiki/%D0%A1%D1%82%D0%B0%D0%B2%D1%80%D0%BE%D0%BF%D0%BE%D0%BB%D1%8C%D1%81%D0%BA%D0%B8%D0%B9_%D0%BA%D1%80%D0%B0%D0%B9,http://news.kremlin.ru/by-region/STA,Губернатор,http://www.gubernator.stavkray.ru/,Правительство Хабаровского края,http://www.stavregion.ru/,Дума Ставропольского края,http://www.dumask.ru/,North_Caucasian_Federal_District,South_Military_District,North_Caucasus_economic_region,"61,23,08,07,05,15,09,20",,yes,,,RU_STA,"cpc,bakunovoros,bluestream,southstream",skzd,"M29,E117,E50"
27,27,Khabarovsk Krai,Хабаровский край,08000000,2700000000000,край,РОФ-ХАБ,643-169,,RU-KHA,XA,27,27,10,http://dbpedia.org/page/Khabarovsk_Krai,http://ru.wikipedia.org/wiki/%D0%A5%D0%B0%D0%B1%D0%B0%D1%80%D0%BE%D0%B2%D1%81%D0%BA%D0%B8%D0%B9_%D0%BA%D1%80%D0%B0%D0%B9,http://news.kremlin.ru/by-region/KHA,Губернатор,http://www.khabkrai.ru/governor/index.html,Правительство области,http://www.khabkrai.ru/,Законодательная Дума Хабаровского края,http://www.duma.khv.ru/,Far_Eastern_Federal_District,Eastern_Military_District,Far_Eastern_economic_region,"28,14,49,25",,no,"Japan_sea,Sea_of_Okhotsk",Pacific_Ocean,RU_KHA,shvg,dvzd,"M58,M60"
28,28,Amur Oblast,Амурская область,10000000,2800000000000,область,РОФ-АМУ,643-308,,RU-AMU,AMUR,28,28,9,http://dbpedia.org/page/Amur_Oblast,http://ru.wikipedia.org/wiki/%D0%90%D0%BC%D1%83%D1%80%D1%81%D0%BA%D0%B0%D1%8F_%D0%BE%D0%B1%D0%BB%D0%B0%D1%81%D1%82%D1%8C,http://news.kremlin.ru/by-region/AL,Губернатор,http://www.amurobl.ru/index.php?m=24597&r=1,Правительство Архангельской области,http://www.amurobl.ru/,Законодательное собрание Амурской области,http://www.zsamur.ru/,Far_Eastern_Federal_District,Eastern_Military_District,Far_Eastern_economic_region,"14,27,79,75",CN,yes,,,RU_AMU,vsto,"dvzd,zabvd","M56,M58"
29,29,Arkhangelsk Oblast,Архангельская область,11000000,2900000000000,область,РОФ-АРХ,643-314,,RU-ARK,ARX,29,29,3,http://dbpedia.org/page/Arkhangelsk_Oblast,http://ru.wikipedia.org/wiki/%D0%90%D1%80%D1%85%D0%B0%D0%BD%D0%B3%D0%B5%D0%BB%D1%8C%D1%81%D0%BA%D0%B0%D1%8F_%D0%BE%D0%B1%D0%BB%D0%B0%D1%81%D1%82%D1%8C,http://news.kremlin.ru/by-region/ARK,Губернатор,http://www.dvinaland.ru/power/head/,Правительство Астраханской области,http://www.dvinaland.ru/,Архангельское областное собрание депутатов,http://www.aosd.ru/,Northwestern_Federal_District,West_Military_District,Northern_economic_region,"10,11,35,43,89,83",,no,"Kara_sea,Barents_sea,White_sea,Pechora_sea",Arctic_Ocean,RU_ARK,,szd,M8
30,30,Astrakhan Oblast,Астраханская область,12000000,3000000000000,область,РОФ-АСТ,643-320,,RU-AST,ASTR_O,30,30,3,http://dbpedia.org/page/Astrakhan_Oblast,http://ru.wikipedia.org/wiki/%D0%90%D1%81%D1%82%D1%80%D0%B0%D1%85%D0%B0%D0%BD%D1%81%D0%BA%D0%B0%D1%8F_%D0%BE%D0%B1%D0%BB%D0%B0%D1%81%D1%82%D1%8C,http://news.kremlin.ru/by-region/AST,Губернатор,http://www.astrobl.ru/Default.aspx?id=40,Правительство Белгородской области,http://www.astrobl.ru,Государственная дума Астраханской области,http://www.astroblduma.ru/,Southern_Federal_District,South_Military_District,Volga_economic_region,"34,08",KZ,no,Caspian_sea,,RU_AST,cpc,privzd,"M6,E40"
31,31,Belgorod Oblast,Белгородская область,14000000,3100000000000,область,РОФ-БЕЛ,643-326,,RU-BEL,BELG,31,31,3,http://dbpedia.org/page/Belgorod_Oblast,http://ru.wikipedia.org/wiki/%D0%91%D0%B5%D0%BB%D0%B3%D0%BE%D1%80%D0%BE%D0%B4%D1%81%D0%BA%D0%B0%D1%8F_%D0%BE%D0%B1%D0%BB%D0%B0%D1%81%D1%82%D1%8C,http://news.kremlin.ru/by-region/BEL,Губернатор,http://www.savchenko.ru/,Администрация Брянской области,http://www.belregion.ru/,Белгородская областная дума,http://www.duma.bel.ru/,Central_Federal_District,West_Military_District,Central_Black_Earth_economic_region,"36,46",UA,yes,,,RU_BEL,,uvzd,"M2,E95"
32,32,Bryansk Oblast,Брянская область,15000000,3200000000000,область,РОФ-БРЯ,643-332,,RU-BRY,BRIANSK,32,32,3,http://dbpedia.org/page/Bryansk_Oblast,http://ru.wikipedia.org/wiki/%D0%91%D1%80%D1%8F%D0%BD%D1%81%D0%BA%D0%B0%D1%8F_%D0%BE%D0%B1%D0%BB%D0%B0%D1%81%D1%82%D1%8C,http://news.kremlin.ru/by-region/BRY,Губернатор,http://www.bryanskobl.ru/authority/governor/,Администрация Владимирской области,http://www.bryanskobl.ru/,Брянская областная дума,http://duma.bryansk.ru/,Central_Federal_District,West_Military_District,Central_economic_region,"46,40,67,57","UA,BY",yes,,,RU_BRY,bts2,mzd,"M3,E101"
33,33,Vladimir Oblast,Владимирская область,17000000,3300000000000,область,РОФ-ВЛА,643-338,,RU-VLA,VL-R,33,33,3,http://dbpedia.org/page/Vladimir_Oblast,http://ru.wikipedia.org/wiki/%D0%92%D0%BB%D0%B0%D0%B4%D0%B8%D0%BC%D0%B8%D1%80%D1%81%D0%BA%D0%B0%D1%8F_%D0%BE%D0%B1%D0%BB%D0%B0%D1%81%D1%82%D1%8C,http://news.kremlin.ru/by-region/VLA,Губернатор,,Администрация Волгоградской области,http://avo.ru/,Законодательное Собрание Владимирской области,http://www.zsvo.ru/,Central_Federal_District,West_Military_District,Central_economic_region,"52,50,37,76,62",,yes,,,RU_VLA,,"gzd,szd,mzd","M7,M8,A113,E22"
34,34,Volgograd Oblast,Волгоградская область,18000000,3400000000000,область,РОФ-ВОГ,643-344,,RU-VOG,VL-D,34,34,3,http://dbpedia.org/page/Volgograd_Oblast,http://ru.wikipedia.org/wiki/%D0%92%D0%BE%D0%BB%D0%B3%D0%BE%D0%B3%D1%80%D0%B0%D0%B4%D1%81%D0%BA%D0%B0%D1%8F_%D0%BE%D0%B1%D0%BB%D0%B0%D1%81%D1%82%D1%8C,http://news.kremlin.ru/by-region/VGG,Глава администрации,http://www.volganet.ru/irj/avo.html?NavigationTarget=navurl://615bd6a8053167f273075d35869b0b20&dtnid=1527182212,Правительство Вологодской области,http://www.volganet.ru,Волгоградская областная Дума,http://volgoduma.ru/,Southern_Federal_District,West_Military_District,Volga_economic_region,"36,30,61,08,64",KZ,yes,,,RU_VGG,,"uvzd,privzd","M6,M21,E40"
35,35,Vologda Oblast,Вологодская область,19000000,3500000000000,область,РОФ-ВОЛ,643-350,,RU-VLG,VOLOG,35,35,3,http://dbpedia.org/page/Vologda_Oblast,http://ru.wikipedia.org/wiki/%D0%92%D0%BE%D0%BB%D0%BE%D0%B3%D0%BE%D0%B4%D1%81%D0%BA%D0%B0%D1%8F_%D0%BE%D0%B1%D0%BB%D0%B0%D1%81%D1%82%D1%8C,http://news.kremlin.ru/by-region/VLG,Губернатор,http://vologda-oblast.ru/persones.asp?CODE=421,Правительство Воронежской области,http://vologda-oblast.ru,Законодательное Собрание Вологодской области,http://www.zs.gos35.ru/,Northwestern_Federal_District,West_Military_District,Northern_economic_region,"29,10,47,43,44,53,69,76",,yes,,,RU_VLG,"gvg,mvg",szd,M8
36,36,Voronezh Oblast,Воронежская область,20000000,3600000000000,область,РОФ-ВОР,643-356,,RU-VOR,VORO,36,36,3,http://dbpedia.org/page/Voronezh_Oblast,http://ru.wikipedia.org/wiki/%D0%92%D0%BE%D1%80%D0%BE%D0%BD%D0%B5%D0%B6%D1%81%D0%BA%D0%B0%D1%8F_%D0%BE%D0%B1%D0%BB%D0%B0%D1%81%D1%82%D1%8C,http://news.kremlin.ru/by-region/VOR,Губернатор,http://www.voronezhobl.ru/about/gubernator/,Правительство Ивановской области,http://www.govvrn.ru,Воронежская областная Дума,http://vrnoblduma.ru/,Central_Federal_District,West_Military_District,Central_Black_Earth_economic_region,"61,31,46,34,48,68,64",UA,yes,,,RU_VOR,,uvzd,"M4,M6,E115,E38"
37,37,Ivanovo Oblast,Ивановская область,24000000,3700000000000,область,РОФ-ИВА,643-362,,RU-IVA,IVAN-O,37,37,3,http://dbpedia.org/page/Ivanovo_Oblast,http://ru.wikipedia.org/wiki/%D0%98%D0%B2%D0%B0%D0%BD%D0%BE%D0%B2%D1%81%D0%BA%D0%B0%D1%8F_%D0%BE%D0%B1%D0%BB%D0%B0%D1%81%D1%82%D1%8C,http://news.kremlin.ru/by-region/IVA,Губернатор,http://www.ivanovoobl.ru/gubernator.aspx,Правительство Иркутской области,http://www.ivanovoobl.ru/,Ивановская областная дума,http://ivoblduma.ru,Central_Federal_District,West_Military_District,Central_economic_region,"50,52,44,33,76",,yes,,,RU_IVA,,szd,A113
38,38,Irkutsk Oblast,Иркутская область,25000000,3800000000000,область,РОФ-ИРК,643-368,,RU-IRK,IRK_O,"38,85","38,85",8,http://dbpedia.org/page/Irkutsk_Oblast,http://ru.wikipedia.org/wiki/%D0%98%D1%80%D0%BA%D1%83%D1%82%D1%81%D0%BA%D0%B0%D1%8F_%D0%BE%D0%B1%D0%BB%D0%B0%D1%81%D1%82%D1%8C,http://news.kremlin.ru/by-region/IRK,Губернатор,http://www.irkobl.ru/government/governor/,Правительство Калининградской области,http://www.irkobl.ru/,Законодательное собрание Иркутской области,http://irk.gov.ru/,Siberian_Federal_District,Central_Military_District,East_Siberian_economic_region,"14,24,03,17,75",,yes,,,RU_IRK,vsto,vszd,"M53,M55,AH6"
39,39,Kaliningrad Oblast,Калининградская область,27000000,3900000000000,область,РОФ-КАГ,643-374,,RU-KAI,KA-D,39,"39,91",2,http://dbpedia.org/page/Kaliningrad_Oblast,http://ru.wikipedia.org/wiki/%D0%9A%D0%B0%D0%BB%D0%B8%D0%BD%D0%B8%D0%BD%D0%B3%D1%80%D0%B0%D0%B4%D1%81%D0%BA%D0%B0%D1%8F_%D0%BE%D0%B1%D0%BB%D0%B0%D1%81%D1%82%D1%8C,http://news.kremlin.ru/by-region/KGD,Губернатор,http://www.gov39.ru/index.php?option=com_content&view=article&id=13019&Itemid=60,Правительство Калининградской области,http://www.gov39.ru/,Калининградская областная дума,http://duma.kaliningrad.org/,Northwestern_Federal_District,West_Military_District,Northwestern_economic_region,,"PL,LT",no,Baltic_sea,Atlantic_Ocean,RU_KGD,mvkk,kzd,
40,40,Kaluga Oblast,Калужская область,29000000,4000000000000,область,РОФ-КАЛ,643-380,,RU-KAL,KL-A,40,40,3,http://dbpedia.org/page/Kaluga_Oblast,http://ru.wikipedia.org/wiki/%D0%9A%D0%B0%D0%BB%D1%83%D0%B6%D1%81%D0%BA%D0%B0%D1%8F_%D0%BE%D0%B1%D0%BB%D0%B0%D1%81%D1%82%D1%8C,http://news.kremlin.ru/by-region/KLU,Губернатор,http://www.artamonovguber.ru/,Правительство Камчатского края,http://www.admobl.kaluga.ru,Законодательное собрание Калужской области,http://parliament.kaluga.ru,Central_Federal_District,West_Military_District,Central_economic_region,"50,32,67,57,71",,yes,,,RU_KLU,,mzd,"M3,E101"
41,41,Kamchatka Krai,Камчатский край,30000000,4100000000000,край,РОФ-КАМ,643-386,,RU-KAO,KAMC_O,"41,82","41,82",12,http://dbpedia.org/page/Kamchatka_Krai,http://ru.wikipedia.org/wiki/%D0%9A%D0%B0%D0%BC%D1%87%D0%B0%D1%82%D1%81%D0%BA%D0%B8%D0%B9_%D0%BA%D1%80%D0%B0%D0%B9,http://news.kremlin.ru/by-region/KAM,Губернатор,http://www.kamchatka.gov.ru/index.php?cont=42&menu=2,Администрация Кемеровской области,http://www.kamchatka.gov.ru/,Законодательное собрание Камчатского края,http://www.zaksobr.kamchatka.ru/,Far_Eastern_Federal_District,Eastern_Military_District,Far_Eastern_economic_region,"87,49",,no,"Sea_of_Okhotsk,Bering_sea",Pacific_Ocean,RU_KAM,,,
42,42,Kemerovo Oblast,Кемеровская область,32000000,4200000000000,область,РОФ-КЕМ,643-392,,RU-KEM,KEM_O,42,"42,142",7,http://dbpedia.org/page/Kemerovo_Oblast,http://ru.wikipedia.org/wiki/%D0%9A%D0%B5%D0%BC%D0%B5%D1%80%D0%BE%D0%B2%D1%81%D0%BA%D0%B0%D1%8F_%D0%BE%D0%B1%D0%BB%D0%B0%D1%81%D1%82%D1%8C,http://news.kremlin.ru/by-region/KEM,Губернатор,http://www.ako.ru/Official/gubernator.asp?n=1,Правительство Кировской области,http://www.ako.ru/default.asp,Совет народных депутатов Кемеровской области,http://www.sndko.ru/,Siberian_Federal_District,Central_Military_District,West_Siberian_economic_region,"14,04,19,22,54,70",,yes,,,RU_KEM,,zszd,"M53,AH6"
43,43,Kirov Oblast,Кировская область,33000000,4300000000000,область,РОФ-КИР,643-398,,RU-KIR,KIROV,43,43,3,http://dbpedia.org/page/Kirov_Oblast,http://ru.wikipedia.org/wiki/%D0%9A%D0%B8%D1%80%D0%BE%D0%B2%D1%81%D0%BA%D0%B0%D1%8F_%D0%BE%D0%B1%D0%BB%D0%B0%D1%81%D1%82%D1%8C,http://news.kremlin.ru/by-region/KIR,Губернатор,http://www.ako.kirov.ru/governor/bio.php,Администрация Костромской области,http://www.ako.kirov.ru/,Законодательное собрание Кировской области,http://www.zsko.ru/,Volga_Federal_District,Central_Military_District,Volga_Vyatka_economic_region,"59,18,11,29,52,35,16,44,12",,yes,,,RU_KIR,,gzd,A119
44,44,Kostroma Oblast,Костромская область,34000000,4400000000000,область,РОФ-КОС,643-404,,RU-KOS,KOST,44,44,3,http://dbpedia.org/page/Kostroma_Oblast,http://ru.wikipedia.org/wiki/%D0%9A%D0%BE%D1%81%D1%82%D1%80%D0%BE%D0%BC%D1%81%D0%BA%D0%B0%D1%8F_%D0%BE%D0%B1%D0%BB%D0%B0%D1%81%D1%82%D1%8C,http://news.kremlin.ru/by-region/KOS,Губернатор,http://head.adm44.ru/index.aspx,Правительство Курганской области,http://www.adm44.ru,Костромская областная дума,http://www.kosoblduma.ru/,Central_Federal_District,West_Military_District,Central_economic_region,"35,37,43,52,76",,yes,,,RU_KOS,,szd,A113
45,45,Kurgan Oblast,Курганская область,37000000,4500000000000,область,РОФ-КУР,643-422,,RU-KUG,KURG,45,45,5,http://dbpedia.org/page/Kurgan_Oblast,http://ru.wikipedia.org/wiki/%D0%9A%D1%83%D1%80%D0%B3%D0%B0%D0%BD%D1%81%D0%BA%D0%B0%D1%8F_%D0%BE%D0%B1%D0%BB%D0%B0%D1%81%D1%82%D1%8C,http://news.kremlin.ru/by-region/KGN,Губернатор,http://www.kurganobl.ru/116.html,Администрация Курской области,http://www.kurganobl.ru/,Курганская областная дума,http://www.oblduma.kurgan.ru/,Urals_Federal_District,Central_Military_District,Urals_economic_region,"66,72,74",KZ,yes,,,RU_KGN,,yuzd,"M51,E30,AH6"
46,46,Kursk Oblast,Курская область,38000000,4600000000000,область,РОФ-КУС,643-428,,RU-KUR,KURSK,46,46,3,http://dbpedia.org/page/Kursk_Oblast,http://ru.wikipedia.org/wiki/%D0%9A%D1%83%D1%80%D1%81%D0%BA%D0%B0%D1%8F_%D0%BE%D0%B1%D0%BB%D0%B0%D1%81%D1%82%D1%8C,http://news.kremlin.ru/by-region/KRS,Губернатор,http://adm.rkursk.ru/index.php?id=18,Правительство Ленинградской области,http://adm.rkursk.ru/,Курская областная дума,http://oblduma.kursknet.ru/,Central_Federal_District,West_Military_District,Central_Black_Earth_economic_region,"32,36,31,48,57",UA,yes,,,RU_KRS,,"uvzd,mzd","M2,M3,E95,E38"
47,47,Leningrad Oblast,Ленинградская область,41000000,4700000000000,область,РОФ-ЛЕН,643-434,,RU-LEN,LENIN_O,47,47,3,http://dbpedia.org/page/Leningrad_Oblast,http://ru.wikipedia.org/wiki/%D0%9B%D0%B5%D0%BD%D0%B8%D0%BD%D0%B3%D1%80%D0%B0%D0%B4%D1%81%D0%BA%D0%B0%D1%8F_%D0%BE%D0%B1%D0%BB%D0%B0%D1%81%D1%82%D1%8C,http://news.kremlin.ru/by-region/LEN,Губернатор,http://www.lenobl.ru/gov/governor,Администрация Липецкой области,http://www.lenobl.ru/,Законодательное собрание Ленинградской области,http://www.lenoblzaks.ru/,Northwestern_Federal_District,West_Military_District,Northwestern_economic_region,"10,35,53,60,78","FI,EE",no,Baltic_sea,Atlantic_Ocean,RU_LEN,"bts,bts2,gvg,nordstream,mvg",ozd,"M10,M11,M18,M20,E18,E20,E105,E95"
48,48,Lipetsk Oblast,Липецкая область,42000000,4800000000000,область,РОФ-ЛИП,643-440,,RU-LIP,LIPE,48,48,3,http://dbpedia.org/page/Lipetsk_Oblast,http://ru.wikipedia.org/wiki/%D0%9B%D0%B8%D0%BF%D0%B5%D1%86%D0%BA%D0%B0%D1%8F_%D0%BE%D0%B1%D0%BB%D0%B0%D1%81%D1%82%D1%8C,http://news.kremlin.ru/by-region/LIP,Глава администрации,http://korolev.lipetsk.ru/,Администрация Магаданской области,http://www.admlr.lipetsk.ru/,Липецкий областной совет депутатов,http://www.oblsovet.ru/,Central_Federal_District,West_Military_District,Central_Black_Earth_economic_region,"36,46,57,62,68,71",,yes,,,RU_LIP,,"uvzd,mzd","M4,M6,E115"
49,49,Magadan Oblast,Магаданская область,44000000,4900000000000,область,РОФ-МАГ,643-446,,RU-MAG,MAG_O,49,49,11,http://dbpedia.org/page/Magadan_Oblast,http://ru.wikipedia.org/wiki/%D0%9C%D0%B0%D0%B3%D0%B0%D0%B4%D0%B0%D0%BD%D1%81%D0%BA%D0%B0%D1%8F_%D0%BE%D0%B1%D0%BB%D0%B0%D1%81%D1%82%D1%8C,http://news.kremlin.ru/by-region/MAG,Губернатор,http://www.magadan.ru/ru/government/power/governor/biography.html,Правительство Московской области,http://www.magadan.ru,Магаданская областная дума,http://www.magoblduma.ru/,Far_Eastern_Federal_District,Eastern_Military_District,Far_Eastern_economic_region,"41,24,27,87",,yes,,,RU_MAG,,,
50,50,Moscow oblast,Московская область,46000000,5000000000000,область,РОФ-МОЯ,643-452,,RU-MOS,MOSK-O,50,"50,90,150,190",3,http://dbpedia.org/page/Moscow_Oblast,http://ru.wikipedia.org/wiki/%D0%9C%D0%BE%D1%81%D0%BA%D0%BE%D0%B2%D1%81%D0%BA%D0%B0%D1%8F_%D0%BE%D0%B1%D0%BB%D0%B0%D1%81%D1%82%D1%8C,http://news.kremlin.ru/by-region/MOS,Губернатор,http://www.mosreg.ru/gubernator/,Правительство Мурманской области,http://www.mosreg.ru/,Московская областная дума,http://moduma.ru/,Central_Federal_District,West_Military_District,Central_economic_region,"69,71,33,62,67,40,76",,yes,,,RU_MOS,sarmos,"mzd,ozd","M1,M2,M3,M4,M5,M6,M7,M8,M9,M10,M11,E30,E115,E22,E95,E101,AH6"
51,51,Murmanskaja oblast,Мурманская область,47000000,5100000000000,область,РОФ-МУР,643-458,,RU-MUR,MURM_O,51,51,3,http://dbpedia.org/page/Murmansk_Oblast,http://ru.wikipedia.org/wiki/%D0%9C%D1%83%D1%80%D0%BC%D0%B0%D0%BD%D1%81%D0%BA%D0%B0%D1%8F_%D0%BE%D0%B1%D0%BB%D0%B0%D1%81%D1%82%D1%8C,http://news.kremlin.ru/by-region/MUR,Губернатор,http://www.dmitrienkodv.ru/,Правительство Нижегородской области,http://www.gov-murman.ru/,Мурманская областная дума,http://duma.murman.ru/,Northwestern_Federal_District,West_Military_District,Northern_economic_region,10,"FI,NO",no,"Barents_sea,White_sea",Arctic_Ocean,RU_MUR,mvg,,"M18,E105"
52,52,Nizhny Novgorod Oblast,Нижегородская область,22000000,5200000000000,область,РОФ-НИЖ,643-464,,RU-NIZ,NNOV,52,"52,152",3,http://dbpedia.org/page/Nizhny_Novgorod_Oblast,http://ru.wikipedia.org/wiki/%D0%9D%D0%B8%D0%B6%D0%B5%D0%B3%D0%BE%D1%80%D0%BE%D0%B4%D1%81%D0%BA%D0%B0%D1%8F_%D0%BE%D0%B1%D0%BB%D0%B0%D1%81%D1%82%D1%8C,http://news.kremlin.ru/by-region/NIZ,Губернатор,http://www.shantsev-vp.ru/,Администрация Новгородской области,http://www.government.nnov.ru/,Законодательное собрание Нижегородской области,http://www.zsno.ru/,Volga_Federal_District,Central_Military_District,Volga_Vyatka_economic_region,"44,12,21,13,33,37,62,43",,yes,,,RU_NIZ,,gzd,"M7,E22"
53,53,Novgorod Oblast,Новгородская область,49000000,5300000000000,область,РОФ-НОВ,643-470,,RU-NGR,NOVG_O,53,53,3,http://dbpedia.org/page/Novgorod_Oblast,http://ru.wikipedia.org/wiki/%D0%9D%D0%BE%D0%B2%D0%B3%D0%BE%D1%80%D0%BE%D0%B4%D1%81%D0%BA%D0%B0%D1%8F_%D0%BE%D0%B1%D0%BB%D0%B0%D1%81%D1%82%D1%8C,http://news.kremlin.ru/by-region/NGR,Губернатор,http://region.adm.nov.ru/vlast/governor/,Правительство Новосибирской области,http://region.adm.nov.ru/,Новгородская областная дума,http://duma.niac.ru/,Northwestern_Federal_District,West_Military_District,Northwestern_economic_region,"47,60,69,35",,yes,,,RU_NGR,"bts,bts2",ozd,"M10,M11,E105"
54,54,Novosibirsk Oblast,Новосибирская область,50000000,5400000000000,область,РОФ-НОС,643-476,,RU-NOS,NOV-K,54,"54,154",6,http://dbpedia.org/page/Novosibirsk_Oblast,http://ru.wikipedia.org/wiki/%D0%9D%D0%BE%D0%B2%D0%BE%D1%81%D0%B8%D0%B1%D0%B8%D1%80%D1%81%D0%BA%D0%B0%D1%8F_%D0%BE%D0%B1%D0%BB%D0%B0%D1%81%D1%82%D1%8C,http://news.kremlin.ru/by-region/NVS,Губернатор,http://www3.adm.nso.ru/ru/gov/glava/,Правительство Омской области,http://www3.adm.nso.ru/,Законодательное собрание Новосибирской области,http://www.sovet-nso.ru/,Siberian_Federal_District,Eastern_Military_District,West_Siberian_economic_region,"22,70,42,55",KZ,yes,,,RU_NVS,,zszd,"M51,M52,M53,AH6"
55,55,Omsk Oblast,Омская область,52000000,5500000000000,область,РОФ-ОМС,643-484,,RU-OMS,OM,55,55,6,http://dbpedia.org/page/Omsk_Oblast,http://ru.wikipedia.org/wiki/%D0%9E%D0%BC%D1%81%D0%BA%D0%B0%D1%8F_%D0%BE%D0%B1%D0%BB%D0%B0%D1%81%D1%82%D1%8C,http://news.kremlin.ru/by-region/OMS,Губернатор,http://gubernator.omskportal.ru/ru/governor/officialsite.html,Правительство Оренбургской области,http://www.omskportal.ru,Законодательное собрание Омской области,http://www.omsk-parlament.ru/,Siberian_Federal_District,Eastern_Military_District,West_Siberian_economic_region,"54,70,72",KZ,yes,,,RU_OMS,,zszd,"M51,AH6"
56,56,Orenburg Oblast,Оренбургская область,53000000,5600000000000,область,РОФ-ОРЕ,643-490,,RU-ORE,OREN_O,56,56,5,http://dbpedia.org/page/Orenburg_Oblast,http://ru.wikipedia.org/wiki/%D0%9E%D1%80%D0%B5%D0%BD%D0%B1%D1%83%D1%80%D0%B3%D1%81%D0%BA%D0%B0%D1%8F_%D0%BE%D0%B1%D0%BB%D0%B0%D1%81%D1%82%D1%8C,http://news.kremlin.ru/by-region/ORE,Губернатор,http://www.orenburg-gov.ru/magnoliaPublic/regportal/power/governor.html,Правительство Орловской области,http://www.orenburg-gov.ru,Законодательное собрание Оренбургской области,http://www.parlament.orb.ru/,Volga_Federal_District,Central_Military_District,Urals_economic_region,"02,16,63,74",KZ,yes,,,RU_ORE,,"kbsh,yuzd","M5,E30,AH6"
57,57,Oryol Oblast,Орловская область,54000000,5700000000000,область,РОФ-ОРЛ,643-496,,RU-ORL,ORL,57,57,3,http://dbpedia.org/page/Oryol_Oblast,http://ru.wikipedia.org/wiki/%D0%9E%D1%80%D0%BB%D0%BE%D0%B2%D1%81%D0%BA%D0%B0%D1%8F_%D0%BE%D0%B1%D0%BB%D0%B0%D1%81%D1%82%D1%8C,http://news.kremlin.ru/by-region/ORL,Губернатор,http://www.adm.orel.ru/index.php?head=6&part=7,Правительство Пензенской области,http://www.adm.orel.ru/,Орловский совет народных депутатов,http://oreloblsovet.ru/,Central_Federal_District,West_Military_District,Central_economic_region,"48,46,71,40,32",,yes,,,RU_ORL,,mzd,"M2,E95"
58,58,Penza Oblast,Пензенская область,56000000,5800000000000,область,РОФ-ПЕН,643-504,,RU-PNZ,PENZ_O,58,58,3,http://dbpedia.org/page/Penza_Oblast,http://ru.wikipedia.org/wiki/%D0%9F%D0%B5%D0%BD%D0%B7%D0%B5%D0%BD%D1%81%D0%BA%D0%B0%D1%8F_%D0%BE%D0%B1%D0%BB%D0%B0%D1%81%D1%82%D1%8C,http://news.kremlin.ru/by-region/PNZ,Губернатор,http://www.penza.ru/authority/governor/,Правительство Пермского края,http://www.penza.ru/,Законодательное собрание Пензенской области,http://zspo.ru/,Volga_Federal_District,Central_Military_District,Volga_economic_region,"73,13,62,64,68",,yes,,,RU_PNZ,sarmos,"kbsh,uvzd,mzd","M5,E30,AH6"
59,59,Perm krai,Пермский край,57000000,5900000000000,край,РОФ-ПЕР,643-510,,RU-PER,PER_O,"59,81","59,81,159",5,http://dbpedia.org/page/Perm_Krai,http://ru.wikipedia.org/wiki/%D0%9F%D0%B5%D1%80%D0%BC%D1%81%D0%BA%D0%B8%D0%B9_%D0%BA%D1%80%D0%B0%D0%B9,http://news.kremlin.ru/by-region/PER,Губернатор,http://chirkunov.livejournal.com/,Администрация Псковской области,http://www.permkrai.ru/,Законодательное собрание Пермского края,http://www.parliament.perm.ru,Volga_Federal_District,Central_Military_District,Urals_economic_region,"43,18,02,11,66",,yes,,,RU_PER,,"gzd,svzd",E22
60,60,Pskov Oblast,Псковская область,58000000,6000000000000,область,РОФ-ПСК,643-522,,RU-PSK,PSK,60,60,3,http://dbpedia.org/page/Pskov_Oblast,http://ru.wikipedia.org/wiki/%D0%9F%D1%81%D0%BA%D0%BE%D0%B2%D1%81%D0%BA%D0%B0%D1%8F_%D0%BE%D0%B1%D0%BB%D0%B0%D1%81%D1%82%D1%8C,http://news.kremlin.ru/by-region/PSK,Губернатор,http://www.pskov.ru/vlast/ispolnitelnaya/gubernator,Администрация Ростовской области,http://www.pskov.ru/,Областное собрание депутатов,http://www.pskov.ru/vlast/zakonodatelnaya/sobranie,Northwestern_Federal_District,West_Military_District,Northwestern_economic_region,"47,69,53,67","EE,LV,BY",yes,,,RU_PSK,,ozd,"M9,E22,E95"
61,61,Rostov Oblast,Ростовская область,60000000,6100000000000,область,РОФ-РОС,643-528,,RU-ROS,ROST,61,"61,161",3,http://dbpedia.org/page/Rostov_Oblast,http://ru.wikipedia.org/wiki/%D0%A0%D0%BE%D1%81%D1%82%D0%BE%D0%B2%D1%81%D0%BA%D0%B0%D1%8F_%D0%BE%D0%B1%D0%BB%D0%B0%D1%81%D1%82%D1%8C,http://news.kremlin.ru/by-region/ROS,Глава администрации,http://www.donland.ru/Default.aspx?pageid=75192,Правительство Рязанской области,http://www.donland.ru/,Законодательное собрание Ростовской области,http://www.zsro.ru/,Southern_Federal_District,South_Military_District,North_Caucasus_economic_region,"23,26,08,34,36",UA,no,Sea_of_Azov,Atlantic_Ocean,RU_ROS,,"uvzd,skzd,privzd","M4,M20,M21,E40,E115"
62,62,Ryazan Oblast,Рязанская область,61000000,6200000000000,область,РОФ-РЯЗ,643-534,,RU-RYA,RZ,62,62,3,http://dbpedia.org/page/Ryazan_Oblast,http://ru.wikipedia.org/wiki/%D0%A0%D1%8F%D0%B7%D0%B0%D0%BD%D1%81%D0%BA%D0%B0%D1%8F_%D0%BE%D0%B1%D0%BB%D0%B0%D1%81%D1%82%D1%8C,http://news.kremlin.ru/by-region/RYA,Губернатор,http://www.ryazanreg.ru/governor/kovalev/,Правительство Самарской области,http://www.ryazanreg.ru,Рязанская областная дума,http://www.duma.ryazan.net/,Central_Federal_District,West_Military_District,Central_economic_region,"13,50,48,68,71,52,33,58",,yes,,,RU_RYA,sarmos,"gzd,uvzd,mzd","M5,M6,E30,E50,AH6"
63,63,Samara Oblast,Самарская область,36000000,6300000000000,область,РОФ-САМ,643-540,,RU-SAM,SAM,63,"63,163",4,http://dbpedia.org/page/Samara_Oblast,http://ru.wikipedia.org/wiki/%D0%A1%D0%B0%D0%BC%D0%B0%D1%80%D1%81%D0%BA%D0%B0%D1%8F_%D0%BE%D0%B1%D0%BB%D0%B0%D1%81%D1%82%D1%8C,http://news.kremlin.ru/by-region/SAM,Губернатор,http://www.adm.samara.ru/organi_vlasti_gubernator/,Правительство Саратовской области,http://www.adm.samara.ru/,Самарская губернская дума,http://samgd.ru,Volga_Federal_District,Central_Military_District,Volga_economic_region,"16,73,56,64",KZ,yes,,,RU_SAM,uzatysamara,"kbsh,privzd","M5,E30,AH6"
64,64,Saratov Oblast,Саратовская область,63000000,6400000000000,область,РОФ-САР,643-546,,RU-SAR,SARAT,64,"64,164",3,http://dbpedia.org/page/Saratov_Oblast,http://ru.wikipedia.org/wiki/%D0%A1%D0%B0%D1%80%D0%B0%D1%82%D0%BE%D0%B2%D1%81%D0%BA%D0%B0%D1%8F_%D0%BE%D0%B1%D0%BB%D0%B0%D1%81%D1%82%D1%8C,http://news.kremlin.ru/by-region/SAR,Губернатор,http://www.saratov.gov.ru/governor/,Правительство Сахалинской области,http://www.saratov.gov.ru/,Саратовская областная дума,http://www.srd.ru/,Volga_Federal_District,Central_Military_District,Volga_economic_region,"34,36,63,73,68,58",KZ,yes,,,RU_SAR,sarmos,"uvzd,privzd",E38
65,65,Sakhalin Oblast,Сахалинская область,64000000,6500000000000,область,РОФ-САХ,643-552,,RU-SAK,SAH_O,65,65,10,http://dbpedia.org/page/Sakhalin_Oblast,http://ru.wikipedia.org/wiki/%D0%A1%D0%B0%D1%85%D0%B0%D0%BB%D0%B8%D0%BD%D1%81%D0%BA%D0%B0%D1%8F_%D0%BE%D0%B1%D0%BB%D0%B0%D1%81%D1%82%D1%8C,http://news.kremlin.ru/by-region/SAK,Губернатор,http://www.adm.sakhalin.ru/index.php?id=46,Правительство Свердловской области,http://www.adm.sakhalin.ru/,Сахалинская областная дума,http://www.duma.sakhalin.ru/,Far_Eastern_Federal_District,Eastern_Military_District,Far_Eastern_economic_region,,,no,"Japan_sea,Sea_of_Okhotsk",Pacific_Ocean,RU_SAK,shvg,dvzd,
66,66,Sverdlovsk Oblast,Свердловская область,65000000,6600000000000,область,РОФ-СВЕ,643-558,,RU-SVE,EK,66,"66,96",5,http://dbpedia.org/page/Sverdlovsk_Oblast,http://ru.wikipedia.org/wiki/%D0%A1%D0%B2%D0%B5%D1%80%D0%B4%D0%BB%D0%BE%D0%B2%D1%81%D0%BA%D0%B0%D1%8F_%D0%BE%D0%B1%D0%BB%D0%B0%D1%81%D1%82%D1%8C,http://news.kremlin.ru/by-region/SVE,Губернатор,http://www.amisharin.ru/,Администрация Смоленской области,http://www.midural.ru/,Законодательное собрание Свердловской области,http://duma.midural.ru/,Urals_Federal_District,Central_Military_District,Urals_economic_region,"86,11,02,72,74,45,59",,yes,,,RU_SVE,,"gzd,yuzd,svzd","E22,AH7"
67,67,Smolensk Oblast,Смоленская область,66000000,6700000000000,область,РОФ-СМО,643-564,,RU-SMO,SMOL,67,67,3,http://dbpedia.org/page/Smolensk_Oblast,http://ru.wikipedia.org/wiki/%D0%A1%D0%BC%D0%BE%D0%BB%D0%B5%D0%BD%D1%81%D0%BA%D0%B0%D1%8F_%D0%BE%D0%B1%D0%BB%D0%B0%D1%81%D1%82%D1%8C,http://news.kremlin.ru/by-region/SMO,Губернатор,http://antufiev-sv.ru/,Администрация Тамбовской области,http://www.admin.smolensk.ru/,Смоленская областная дума,http://www.smoloblduma.ru/,Central_Federal_District,West_Military_District,Central_economic_region,"50,60,69,40,32",BY,yes,,,RU_SMO,bts2,mzd,"M1,E30,AH6"
68,68,Tambov Oblast,Тамбовская область,68000000,6800000000000,область,РОФ-ТАМ,643-576,,RU-TAM,TAMBOV,68,68,3,http://dbpedia.org/page/Tambov_Oblast,http://ru.wikipedia.org/wiki/%D0%A2%D0%B0%D0%BC%D0%B1%D0%BE%D0%B2%D1%81%D0%BA%D0%B0%D1%8F_%D0%BE%D0%B1%D0%BB%D0%B0%D1%81%D1%82%D1%8C,http://news.kremlin.ru/by-region/TAM,Губернатор,http://www.tambov.gov.ru/betin/index.html,Администрация Тверской области,http://www.regadm.tambov.ru/,Тамбовская областная дума,http://duma.tambov.gov.ru/,Central_Federal_District,West_Military_District,Central_Black_Earth_economic_region,"62,58,64,48,36",,yes,,,RU_TAM,sarmos,"kbsh,uvzd",M6
69,69,Tver Oblast,Тверская область,28000000,6900000000000,область,РОФ-ТВЕ,643-582,,RU-TVE,TVER,69,69,3,http://dbpedia.org/page/Tver_Oblast,http://ru.wikipedia.org/wiki/%D0%A2%D0%B2%D0%B5%D1%80%D1%81%D0%BA%D0%B0%D1%8F_%D0%BE%D0%B1%D0%BB%D0%B0%D1%81%D1%82%D1%8C,http://news.kremlin.ru/by-region/TVE,Губернатор,http://www.region.tver.ru/governor/,Администрация Томской области,http://www.region.tver.ru/,Законодательное собратие Тверской области,http://www.zsto.ru/,Central_Federal_District,West_Military_District,Central_economic_region,"50,63,60,35,53,76,67",,yes,,,RU_TVE,"bts,bts2",,"M9,M10,M11,E22,E95"
70,70,Tomsk Oblast,Томская область,69000000,7000000000000,область,РОФ-ТОМ,643-588,,RU-TOM,TOM_O,70,70,6,http://dbpedia.org/page/Tomsk_Oblast,http://ru.wikipedia.org/wiki/%D0%A2%D0%BE%D0%BC%D1%81%D0%BA%D0%B0%D1%8F_%D0%BE%D0%B1%D0%BB%D0%B0%D1%81%D1%82%D1%8C,http://news.kremlin.ru/by-region/TOM,Губернатор,http://kress.tomsk.ru/ru/,Администрация Тульской области,http://tomsk.gov.ru/,Государственная дума Томской области,http://duma.tomsk.ru/,Siberian_Federal_District,Central_Military_District,West_Siberian_economic_region,"54,72,42,24,55,86",,yes,,,RU_TOM,,zszd,M53
71,71,Tula Oblast,Тульская область,70000000,7100000000000,область,РОФ-ТУЛ,643-594,,RU-TUL,TULA,71,71,3,http://dbpedia.org/page/Tula_Oblast,http://ru.wikipedia.org/wiki/%D0%A2%D1%83%D0%BB%D1%8C%D1%81%D0%BA%D0%B0%D1%8F_%D0%BE%D0%B1%D0%BB%D0%B0%D1%81%D1%82%D1%8C,http://news.kremlin.ru/by-region/TUL,Губернатор,http://www.admportal.tula.ru/catalog/407.aspx,Правительство Тюменской области,http://www.admportal.tula.ru/,Тульская областная дума,http://www.tulaoblduma.ru/,Central_Federal_District,West_Military_District,Central_economic_region,"50,48,57,40,62",,yes,,,RU_TUL,,"uvzd,mzd","M2,M4,M6,E115,E95"
72,72,Tyumen Oblast,Тюменская область,71000000,7200000000000,область,РОФ-ТЮМ,643-600,,RU-TYU,TUMEN,72,72,5,http://dbpedia.org/page/Tyumen_Oblast,http://ru.wikipedia.org/wiki/%D0%A2%D1%8E%D0%BC%D0%B5%D0%BD%D1%81%D0%BA%D0%B0%D1%8F_%D0%BE%D0%B1%D0%BB%D0%B0%D1%81%D1%82%D1%8C,http://news.kremlin.ru/by-region/TYU,Губернатор,http://gubernator.admtyumen.ru,Правительство Ульяновской области,http://admtyumen.ru,Тюменская областная дума,http://www.duma72.ru/,Urals_Federal_District,Central_Military_District,West_Siberian_economic_region,"55,45,66,70,89",KZ,yes,,,RU_TYU,,svzd,E22
73,73,Ulyanovsk Oblast,Ульяновская область,73000000,7300000000000,область,РОФ-УЛЬ,643-606,,RU-ULY,UL_O,73,"73,173",3,http://dbpedia.org/page/Ulyanovsk_Oblast,http://ru.wikipedia.org/wiki/%D0%A3%D0%BB%D1%8C%D1%8F%D0%BD%D0%BE%D0%B2%D1%81%D0%BA%D0%B0%D1%8F_%D0%BE%D0%B1%D0%BB%D0%B0%D1%81%D1%82%D1%8C,http://news.kremlin.ru/by-region/ULY,Губернатор,http://morozov.ulgov.ru/,Правительство Челябинской области,http://www.ulgov.ru/,Законодательное Собрание Ульяновской области,http://www.zsuo.ru/,Volga_Federal_District,West_Military_District,Volga_economic_region,"16,21,13,63,64,58",,yes,,,RU_ULY,,kbsh,"M5,E30,AH6"
74,74,Chelyabinsk Oblast,Челябинская область,75000000,7400000000000,область,РОФ-ЧЕЛ,643-618,,RU-CHE,CHEL,74,"74,174",5,http://dbpedia.org/page/Chelyabinsk_Oblast,http://ru.wikipedia.org/wiki/%D0%A7%D0%B5%D0%BB%D1%8F%D0%B1%D0%B8%D0%BD%D1%81%D0%BA%D0%B0%D1%8F_%D0%BE%D0%B1%D0%BB%D0%B0%D1%81%D1%82%D1%8C,http://news.kremlin.ru/by-region/CHE,Губернатор,http://www.pravmin74.ru/gubernator/status-i-polnomochiya,Правительство Забайкальского края,http://www.pravmin74.ru/,Законодательное Собрание Челябинской области,http://www.zs74.ru/,Urals_Federal_District,Central_Military_District,Urals_economic_region,"66,45,56,02",KZ,yes,,,RU_CHE,,"kbsh,yuzd","M5,M51,E30,AH6,AH7"
75,75,Zabaykalsky Krai,Забайкальский край,76000000,7500000000000,край,РОФ-ЧИТ,643-624,,RU-CHI,CHIT_O,"75,80","75,80",9,http://dbpedia.org/page/Zabaykalsky_Krai,http://ru.wikipedia.org/wiki/%D0%97%D0%B0%D0%B1%D0%B0%D0%B9%D0%BA%D0%B0%D0%BB%D1%8C%D1%81%D0%BA%D0%B8%D0%B9_%D0%BA%D1%80%D0%B0%D0%B9,http://news.kremlin.ru/by-region/ZAB,Губернатор,http://e-zab.ru/?page=0&p1=211,Правительство Ярославской области,http://e-zab.ru/,Законодательное собрание Забайкальского края,http://www.oblduma.chita.ru/,Siberian_Federal_District,Eastern_Military_District,East_Siberian_economic_region,"03,14,28,38","MN,CN",yes,,,RU_ZAB,,zabvd,"M55,M58,AH6"
76,76,Yaroslavl Oblast,Ярославская область,78000000,7600000000000,область,РОФ-ЯРО,643-630,,RU-YAR,JAROS,76,76,3,http://dbpedia.org/page/Yaroslavl_Oblast,http://ru.wikipedia.org/wiki/%D0%AF%D1%80%D0%BE%D1%81%D0%BB%D0%B0%D0%B2%D1%81%D0%BA%D0%B0%D1%8F_%D0%BE%D0%B1%D0%BB%D0%B0%D1%81%D1%82%D1%8C,http://news.kremlin.ru/by-region/YAR,Губернатор,http://www.yarregion.ru/Gubernator/default.aspx,Правительство Москвы,http://www.yarregion.ru,Ярославская областная Дума,http://duma.yar.ru/,Central_Federal_District,West_Military_District,Central_economic_region,"50,69,35,44,33,37",,yes,,,RU_YAR,bts,"szd,ozd","M8,M58,A113,E115"
77,77,Moscow,Москва,45000000,7700000000000,город федерального значения,РОФ-МОС,643-001,RU-MS,RU-MOW,MOSK,77,"77,99,197,199,177",3,http://dbpedia.org/page/Moscow,http://ru.wikipedia.org/wiki/%D0%9C%D0%BE%D1%81%D0%BA%D0%B2%D0%B0,http://news.kremlin.ru/by-region/MOW,Мэр,http://www.mos.ru/wps/portal/WebContent?rubricId=2319,Администрация Санкт-Петербурга,http://www.mos.ru/,Московская городская дума,http://www.duma.mos.ru/,Central_Federal_District,West_Military_District,Central_economic_region,50,,yes,,,RU_MOW,,"mzd,ozd","M1,M10,E22,E95,E101,AH6"
78,78,Sankt-Peterburg,Санкт-Петербург,40000000,7800000000000,город федерального значения,РОФ-СПБ,643-002,RU-SP,RU-SPB,SP-G,78,"78,98,178",3,http://dbpedia.org/page/Saint_Petersburg,http://ru.wikipedia.org/wiki/%D0%A1%D0%B0%D0%BD%D0%BA%D1%82-%D0%9F%D0%B5%D1%82%D0%B5%D1%80%D0%B1%D1%83%D1%80%D0%B3,http://news.kremlin.ru/by-region/SPE,Губернатор,http://gov.spb.ru/gov/governor,Правительство Еврейской Автономной Области,http://gov.spb.ru/,Законодательное собрание Санкт-Петербурга,http://www.assembly.spb.ru,Northwestern_Federal_District,West_Military_District,Northwestern_economic_region,47,,no,Baltic_sea,Atlantic_Ocean,RU_SPE,,ozd,"M10,M20,E18,E20,E105,E95"
79,79,Jew Autonomous Oblast,Еврейская автономная область,99000000,7900000000000,автономная область,РОФ-ЕВР,643-701,,RU-JEW,EVR,79,79,10,http://dbpedia.org/page/Jewish_Autonomous_Oblast,http://ru.wikipedia.org/wiki/%D0%95%D0%B2%D1%80%D0%B5%D0%B9%D1%81%D0%BA%D0%B0%D1%8F_%D0%B0%D0%B2%D1%82%D0%BE%D0%BD%D0%BE%D0%BC%D0%BD%D0%B0%D1%8F_%D0%BE%D0%B1%D0%BB%D0%B0%D1%81%D1%82%D1%8C,http://news.kremlin.ru/by-region/YEV,Губернатор,http://www.eao.ru/?p=6,Администрация Ненецкого Автономного Округа,http://www.eao.ru,Законодательное собрание Еврейской автономной области,http://www.eao.ru/?p=zakon,Far_Eastern_Federal_District,Eastern_Military_District,Far_Eastern_economic_region,"27,28",CN,yes,,,RU_YEV,,dvzd,
83,83,Nenets Autonomous Okrug,Ненецкий автономный округ,11100000,8300000000000,автономный округ,РОФ-НЕН,643-730,,RU-NEN,,83,83,3,http://dbpedia.org/page/Nenets_Autonomous_Okrug,http://ru.wikipedia.org/wiki/%D0%9D%D0%B5%D0%BD%D0%B5%D1%86%D0%BA%D0%B8%D0%B9_%D0%B0%D0%B2%D1%82%D0%BE%D0%BD%D0%BE%D0%BC%D0%BD%D1%8B%D0%B9_%D0%BE%D0%BA%D1%80%D1%83%D0%B3,http://news.kremlin.ru/by-region/NEN,Глава администрации,http://www.adm-nao.ru/?show=statics&id=182,Правительство автономного округа,http://www.adm-nao.ru/,Собрание депутатов Ненецкого Автономного Округа,,Northwestern_Federal_District,West_Military_District,Northern_economic_region,"29,89,11",,no,"White_sea,Pechora_sea,Barents_sea,Kara_sea",Arctic_Ocean,RU_NEN,,,
86,86,Khanty-Mansi Autonomous Okrug,Ханты-Мансийский автономный округ — Югра,71100000,8600000000000,автономный округ,РОФ-ХАН,643-748,,RU-KHM,UGRA,86,86,5,http://dbpedia.org/page/Khanty-Mansi_Autonomous_Okrug_%E2%80%94_Yugra,http://ru.wikipedia.org/wiki/%D0%A5%D0%B0%D0%BD%D1%82%D1%8B-%D0%9C%D0%B0%D0%BD%D1%81%D0%B8%D0%B9%D1%81%D0%BA%D0%B8%D0%B9_%D0%B0%D0%B2%D1%82%D0%BE%D0%BD%D0%BE%D0%BC%D0%BD%D1%8B%D0%B9_%D0%BE%D0%BA%D1%80%D1%83%D0%B3_%E2%80%94_%D0%AE%D0%B3%D1%80%D0%B0,http://news.kremlin.ru/by-region/KHM,Губернатор,http://www.admhmao.ru/governer/index.htm,Правительство Чукотского автономного округа,http://www.admhmao.ru/,Дума Ханты-Мансийского автономного округа - Югры,http://www.dumahmao.ru/,Urals_Federal_District,Central_Military_District,West_Siberian_economic_region,"24,72,11,66,70,89",,yes,,,RU_KHM,,svzd,
87,87,Chukotka Autonomous Okrug,Чукотский автономный округ,77000000,8700000000000,автономный округ,РОФ-ЧУК,643-754,,RU-CHU,CUKAO,87,87,12,http://dbpedia.org/page/Chukotka_Autonomous_Okrug,http://ru.wikipedia.org/wiki/%D0%A7%D1%83%D0%BA%D0%BE%D1%82%D1%81%D0%BA%D0%B8%D0%B9_%D0%B0%D0%B2%D1%82%D0%BE%D0%BD%D0%BE%D0%BC%D0%BD%D1%8B%D0%B9_%D0%BE%D0%BA%D1%80%D1%83%D0%B3,http://news.kremlin.ru/by-region/CHU,Губернатор,http://www.chukotka.org/ru/authority/gubernator/,Правительство Ямало-Ненецкого автономного округа,http://www.chukotka.org,Дума Чукотского автономного округа,http://dumachao.anadyr.ru/,Far_Eastern_Federal_District,Eastern_Military_District,Far_Eastern_economic_region,"14,41,49",,no,"Chukchi_sea,East_Siberian_sea,Bering_sea","Arctic_Ocean,Pacific_Ocean",RU_CHU,,,
89,89,Yamalo-Nenets Autonomous Okrug,Ямало-Ненецкий автономный округ,71140000,8900000000000,автономный округ,РОФ-ЯМА,643-766,,RU-YAN,YAM_NENETS,89,89,5,http://dbpedia.org/page/Yamalo-Nenets_Autonomous_Okrug,http://ru.wikipedia.org/wiki/%D0%AF%D0%BC%D0%B0%D0%BB%D0%BE-%D0%9D%D0%B5%D0%BD%D0%B5%D1%86%D0%BA%D0%B8%D0%B9_%D0%B0%D0%B2%D1%82%D0%BE%D0%BD%D0%BE%D0%BC%D0%BD%D1%8B%D0%B9_%D0%BE%D0%BA%D1%80%D1%83%D0%B3,http://news.kremlin.ru/by-region/YAN,Губернатор,http://adm.yanao.ru/7,,http://adm.yanao.ru/,Законодательное Собрание Ямало-Ненецкого автономного округа,http://www.zsyanao.ru/,Urals_Federal_District,Central_Military_District,West_Siberian_economic_region,"24,83,11,86",,no,Kara_sea,Arctic_Ocean,RU_YAN,,svzd,
91,91,Republic of Crimea,Республика Крым,35000000,9100000000000,республика,,,,RU-CR,CRIMEA,82,82,3,http://dbpedia.org/page/Republic_of_Crimea,https://ru.wikipedia.org/wiki/%D0%A0%D0%B5%D1%81%D0%BF%D1%83%D0%B1%D0%BB%D0%B8%D0%BA%D0%B0_%D0%9A%D1%80%D1%8B%D0%BC,http://kremlin.ru/catalog/regions/CR/events,Губернатор,,,,,,Southern_Federal_District,South_Military_District,North_Caucasus_economic_region,23,UA,no,"Black_sea,Sea_of_Azov",,,,,
92,92,Sevastopol,Севастополь,67000000,9200000000000,город федерального значения,,,,RU-SEV,SEVAST,92,92,3,http://dbpedia.org/page/Sevastopol,https://ru.wikipedia.org/wiki/%D0%A1%D0%B5%D0%B2%D0%B0%D1%81%D1%82%D0%BE%D0%BF%D0%BE%D0%BB%D1%8C,http://kremlin.ru/catalog/regions/SEV/events,Губернатор,,,,,,Southern_Federal_District,,North_Caucasus_economic_region,91,,no,Black_sea,,,,,
regions,,,,,,,,,,,,,,,,,,,,,,,,,,,,,,,,,,,